{"cameraMode":{"drawMode":0,"name":"Shaded","section":"Shading Mode"},"sceneLighting":false,"audioPlay":false,"sceneViewState":{"showFog":true,"showMaterialUpdate":false,"showSkybox":false,"showFlares":true,"showImageEffects":true,"showParticleSystems":true},"in2DMode":false,"pivot":{"x":2.2489442825317385,"y":6.14600944519043,"z":-0.021993637084960939},"rotation":{"x":-0.007504498120397329,"y":-0.01563473604619503,"z":0.000018358647139393725,"w":1.0001029968261719},"size":22.0,"orthographic":false}